交易时间,交易标的,交易前仓位,交易后仓位,交易价格,交易仓位,交易方向,交易思路
2025/12/13 01:02,GEV,0.00%,30.00%,673.2,30.00%,B,
2025/12/13 01:02,RKLB,20.28%,30.00%,61.67,9.72%,B,
2025/12/13 00:39,RKLB,32.54%,20.00%,60.16,-12.54%,S,
2025/12/13 00:09,ASTS,20.20%,0.00%,76.8,-20.20%,S,
2025/12/12 23:35,GDXU,9.89%,0.00%,245.29,-9.89%,S,
2025/12/11 23:35,GDXU,0.00%,9.72%,245.777,9.72%,B,
2025/12/11 23:35,LITE,9.45%,0.00%,365.83,-9.45%,S,
2025/12/10 23:04,SNDK,49.41%,40.00%,220.625,-9.41%,S,
2025/12/10 23:04,RKLB,10.09%,30.00%,54.303,19.91%,B,
2025/12/10 23:04,LITE,20.78%,10.00%,361.48,-10.78%,S,
2025/12/9 23:57,SNDK,30.16%,50.00%,222.002,19.84%,B,
2025/12/9 23:57,RKLB,0.00%,9.63%,51.53,9.63%,B,
2025/12/9 23:57,SQQQ,29.40%,0.00%,66.88,-29.40%,S,
2025/12/9 22:38,ASTS,15.00%,20.00%,72.34,5.00%,B,
2025/12/9 22:38,LITE,15.34%,20.00%,341.29,4.66%,B,
2025/12/9 22:38,SQQQ,39.78%,30.00%,67.369,-9.78%,S,
2025/12/9 00:02,SNDK,39.80%,30.00%,216.545,-9.80%,S,
2025/12/9 00:02,ASTS,19.93%,15.00%,71.71,-4.93%,S,
2025/12/9 00:02,LITE,19.92%,15.00%,330.71,-4.92%,S,
2025/12/9 00:02,SQQQ,20.35%,40.00%,67.14,19.65%,B,
2025/12/8 23:51,SNDK,45.72%,40.00%,220.59,-5.72%,S,
2025/12/8 23:51,ASTS,30.03%,20.00%,72.946,-10.03%,S,
2025/12/8 23:51,LITE,24.19%,20.00%,336.44,-4.19%,S,
2025/12/8 23:51,SQQQ,0.00%,20.00%,66.86,20.00%,B,
2025/12/8 22:35,LITE,0.00%,23.05%,336.69,23.05%,B,
2025/12/8 22:34,GDXU,23.08%,0.00%,203.22,-23.08%,S,止损比例：8%
2025/12/6 00:38,SNDK,40.34%,45.00%,218.575,4.66%,B,
2025/12/6 00:38,RKLB,14.89%,0.00%,47.94,-14.89%,S,
2025/12/6 00:38,ASTS,20.18%,30.00%,73.16,9.82%,B,
2025/12/5 23:36,RKLB,19.86%,15.00%,49.44,-4.86%,S,
2025/12/5 23:36,ASTS,27.12%,20.00%,74.23,-7.12%,S,
2025/12/5 23:36,GDXU,13.85%,25.70%,224.382,11.85%,B,
2025/12/5 23:02,SMR,13.66%,0.00%,21.46,-13.66%,S,
2025/12/5 23:02,GDXU,0.00%,13.65%,217.91,13.65%,B,
2025/12/4 23:58,SMR,0.00%,14.30%,21.985,14.30%,B,
2025/12/4 23:58,TSLA,14.31%,0.00%,448.825,-14.31%,S,
2025/12/4 23:12,SNDK,30.60%,38.80%,199.24,8.20%,B,
2025/12/4 23:12,TSLL,18.21%,0.00%,20.19,-18.21%,S,
2025/12/4 23:12,RKLB,24.99%,20.00%,45.84,-4.99%,S,
2025/12/4 23:12,TSLA,0.00%,15.00%,449.87,15.00%,B,
2025/12/4 22:50,TSLL,0.00%,18.67%,20.541,18.67%,B,
2025/12/4 22:50,GDXU,18.27%,0.00%,201.5,-18.27%,S,
2025/12/4 22:32,SNDK,19.94%,31.00%,197.52,11.06%,B,
2025/12/4 22:32,ASTS,31.11%,25.00%,62.19,-6.11%,S,
2025/12/4 22:32,RKLB,30.19%,25.00%,45.14,-5.19%,S,
2025/12/4 01:49,RKLB,20.01%,30.00%,43.63,9.99%,B,
2025/12/4 01:49,ASTS,19.79%,30.00%,58.33,10.21%,B,
2025/12/4 01:49,FANG,19.89%,0.00%,158.25,-19.89%,S,
2025/12/4 01:31,RKLB,0.00%,20.00%,43.525,20.00%,B,
2025/12/4 01:31,FANG,40.42%,20.00%,158.815,-20.42%,S,
2025/12/3 23:48,GDXU,0.00%,20.40%,218.98,20.40%,B,
2025/12/3 23:48,VIXY,19.97%,0.00%,30.485,-19.97%,S,
2025/12/3 23:42,SNDK,9.86%,20.00%,194.75,10.14%,B,
2025/12/3 23:42,FANG,50.58%,40.00%,159.16,-10.58%,S,
2025/12/3 23:40,SNDK,0.00%,9.81%,193.73,9.81%,B,
2025/12/3 23:40,VIXY,29.75%,20.00%,30.48,-9.75%,S,
2025/12/3 23:27,ASTS,0.00%,19.46%,57.715,19.46%,B,
2025/12/3 23:27,VIXY,49.44%,30.00%,30.68,-19.44%,S,
2025/12/3 00:30,TSEM,14.84%,0.00%,115.535,-14.84%,S,
2025/12/3 00:30,FANG,20.02%,49.80%,155.45,29.78%,B,
2025/12/3 00:28,RKLB,14.96%,0.00%,41.88,-14.96%,S,
2025/12/3 00:16,VIXY,29.80%,49.74%,30.74,19.94%,B,
2025/12/3 00:16,INTC,19.87%,0.00%,42.665,-19.87%,S,
2025/12/3 00:00,SNDK,19.03%,0.00%,194.41,-19.03%,S,
2025/12/3 00:00,VIXY,0.00%,29.70%,30.66,29.70%,B,
2025/12/3 00:00,INTC,30.61%,20.00%,42.96,-10.61%,S,
2025/12/2 23:54,FANG,0.00%,20.00%,156.053,20.00%,B,
2025/12/2 23:54,EQT,20.07%,0.00%,59.745,-20.07%,S,
2025/12/2 23:19,SNDK,28.75%,20.00%,206.13,-8.75%,S,
2025/12/2 23:19,INTC,20.34%,29.70%,42.115,9.36%,B,
2025/12/2 23:16,RKLB,0.00%,15.00%,42.48,15.00%,B,
2025/12/2 23:14,SQQQ,14.65%,0.00%,67.22,-14.65%,S,
2025/12/2 22:50,TSEM,0.00%,15.00%,117.485,15.00%,B,
2025/12/2 22:50,INTC,15.14%,20.00%,41.244,4.86%,B,
2025/12/2 22:50,EQT,40.26%,20.00%,59.78,-20.26%,S,
2025/12/2 22:48,INTC,0.00%,15.00%,40.88,15.00%,B,
2025/12/2 22:48,XLE,15.49%,0.00%,89.85,-15.49%,S,
2025/12/1 22:44,XLE,0.00%,15.60%,91.325,15.60%,B,
2025/12/1 22:37,GDXU,14.61%,0.00%,220,-14.61%,S,
2025/12/1 22:33,EQT,14.55%,40.00%,60.77,25.45%,B,
2025/12/1 22:30,GDXU,41.22%,15.00%,227.86,-26.22%,S,
2025/11/29 00:07,MSTR,14.55%,0.00%,182.18,-14.55%,S,
2025/11/29 00:07,EQT,0.00%,14.55%,60.855,14.55%,B,
2025/11/28 23:28,SNDK,33.99%,30.00%,216.72,-3.99%,S,
2025/11/28 23:28,GDXU,47.54%,40.00%,218.59,-7.54%,S,
2025/11/28 23:28,SQQQ,18.41%,15.00%,69.4,-3.41%,S,
2025/11/28 23:28,MSTR,0.00%,15.00%,185.82,15.00%,B,
2025/11/27 01:20,CWVX,14.31%,0.00%,5.1,-14.31%,S,
2025/11/27 01:20,SNDK,39.78%,35.00%,216.241,-4.78%,S,
2025/11/27 01:20,SQQQ,0.00%,19.10%,69.77,19.10%,B,
2025/11/27 00:41,CWVX,0.00%,15.00%,5.416,15.00%,B,
2025/11/27 00:41,SNDK,45.06%,40.00%,220.275,-5.06%,S,
2025/11/27 00:41,LITE,9.85%,0.00%,301.83,-9.85%,S,
2025/11/26 23:30,SNDK,39.91%,44.80%,214.39,4.89%,B,
2025/11/26 23:30,LITE,0.00%,10.00%,300.08,10.00%,B,
2025/11/26 23:30,VIXY,14.91%,0.00%,32.14,-14.91%,S,
2025/11/26 23:25,SNDK,30.36%,40.00%,213.76,9.64%,B,
2025/11/26 23:25,GDXU,40.17%,45.00%,197.172,4.83%,B,
2025/11/26 23:25,VIXY,29.47%,15.00%,32.17,-14.47%,S,
2025/11/26 23:04,SNDK,48.17%,30.00%,208.35,-18.17%,S,
2025/11/26 23:04,GDXU,51.83%,40.00%,193.67,-11.83%,S,
2025/11/26 23:04,VIXY,0.00%,30.00%,32.298,30.00%,B,
2025/11/26 22:35,SNDK,39.85%,50.00%,224.26,10.15%,B,
2025/11/26 22:35,GDXU,40.75%,50.00%,193.7,9.25%,B,
2025/11/26 22:33,ALB,19.30%,0.00%,123.399,-19.30%,S,
2025/11/25 23:36,SNDK,29.43%,40.00%,216.418,10.57%,B,
2025/11/25 23:36,GDXU,50.48%,40.00%,183.12,-10.48%,S,
2025/11/25 23:36,LITE,19.28%,0.00%,289.66,-19.28%,S,
2025/11/25 23:36,ALB,0.00%,20.00%,122.76,20.00%,B,
2025/11/25 23:05,GDXU,24.84%,50.00%,177.171,25.16%,B,
2025/11/25 23:03,BABA,25.05%,0.00%,158.07,-25.05%,S,
2025/11/25 22:42,GDXU,0.00%,25.00%,181.3,25.00%,B,
2025/11/25 22:42,YINN,25.32%,0.00%,46.29,-25.32%,S,
2025/11/25 21:02,LITE,27.99%,20.00%,289.05,-7.99%,S,
2025/11/25 21:02,BABA,0.00%,25.00%,162.855,25.00%,B,
2025/11/25 21:02,CLS,17.22%,0.00%,326,-17.22%,S,
2025/11/25 00:34,BILI,17.27%,0.00%,26.325,-17.27%,S,
2025/11/25 00:34,CLS,0.00%,17.00%,312.7,17.00%,B,
2025/11/24 22:42,SNDK,21.09%,30.00%,218.94,8.91%,B,
2025/11/24 22:42,BILI,0.00%,17.50%,26.32,17.50%,B,
2025/11/24 22:42,NAIL,32.06%,0.00%,52.67,-32.06%,S,
2025/11/24 22:42,YINN,19.35%,25.00%,45.34,5.65%,B,
2025/11/22 00:54,SNDK,24.32%,20.00%,196.63,-4.32%,S,
2025/11/22 00:54,GOOX,14.76%,0.00%,64.26,-14.76%,S,
2025/11/22 00:54,YINN,0.00%,20.00%,43.07,20.00%,B,
2025/11/22 00:42,GOOX,25.13%,15.00%,64.88,-10.13%,S,
2025/11/22 00:42,NAIL,25.30%,35.00%,54.055,9.70%,B,
2025/11/22 00:25,SNDK,20.22%,24.45%,196.78,4.23%,B,
2025/11/22 00:25,NAIL,19.68%,25.00%,53.345,5.32%,B,
2025/11/22 00:25,LITE,33.86%,25.00%,243.34,-8.86%,S,
2025/11/22 00:00,NAIL,0.00%,20.00%,53.55,20.00%,B,
2025/11/22 00:00,GOOG,20.64%,0.00%,299.655,-20.64%,S,
2025/11/21 22:31,GOOX,0.00%,24.90%,65.615,24.90%,B,
2025/11/21 22:31,LITE,20.05%,35.00%,256.769,14.95%,B,
2025/11/21 22:31,BABA,19.76%,0.00%,151.73,-19.76%,S,
2025/11/21 22:31,GOOG,40.32%,20.00%,300.35,-20.32%,S,
2025/11/21 21:17,GOOG,0.00%,40.00%,297.38,40.00%,B,
2025/11/21 18:43,SNDK,9.78%,20.00%,205.255,10.22%,B,
2025/11/21 18:14,LITE,0.00%,20.00%,255.67,20.00%,B,
2025/11/21 17:58,BABA,60.26%,20.00%,153.28,-40.26%,S,
2025/11/21 02:52,SNDK,19.84%,10.00%,202.39,-9.84%,S,
2025/11/21 02:52,YINN,19.80%,0.00%,43.33,19.80%,S,
2025/11/21 02:15,YINN,0.00%,19.80%,44.11,19.80%,B,
2025/11/21 02:04,BABA,0.00%,60.00%,155.935,60.00%,B,
2025/11/21 01:44,SNDK,29.90%,20.00%,205.998,-9.90%,S,
2025/11/21 01:44,LITE,14.92%,0.00%,247.43,-14.92%,S,
2025/11/21 01:39,SNDK,40.06%,30.00%,207.23,-10.06%,S,
2025/11/21 01:39,LITE,34.90%,15.00%,247.85,-19.90%,S,
2025/11/21 01:39,YINN,25.00%,0.00%,43.66,-25.00%,S,
2025/11/21 01:30,LITE,20.13%,35.00%,251.48,14.87%,B,
2025/11/21 01:30,YINN,0.00%,25.00%,43.76,25.00%,B,
2025/11/21 01:18,SNDK,45.00%,40.00%,208.155,-5.00%,S,
2025/11/21 01:18,LITE,29.73%,20.00%,249.69,-9.73%,S,
2025/11/21 01:13,YINN,25.35%,0.00%,43.615,-25.35%,S,
2025/11/21 00:51,YINN,0.00%,24.80%,44.07,24.80%,B,
2025/11/21 00:46,SNDK,38.99%,45.00%,213.075,6.01%,B,
2025/11/21 00:46,LITE,19.58%,30.00%,256.58,10.42%,B,
2025/11/21 00:38,CLS,20.36%,0.00%,302.33,-20.36%,S,
2025/11/21 00:35,TSLL,20.68%,0.00%,17.52,-20.68%,S,
2025/11/20 23:06,TSLL,0.00%,20.00%,18.238,20.00%,B,
2025/11/20 23:06,SQM,19.93%,0.00%,63.13,-19.93%,S,
2025/11/20 22:58,SNDK,27.06%,39.00%,229.45,11.94%,B,
2025/11/20 22:58,LITE,31.69%,20.00%,281.155,-11.69%,S,
2025/11/20 22:38,NEBX,23.61%,0.00%,45.32,-23.61%,S,
2025/11/20 22:38,LITE,27.80%,31.00%,275.08,3.20%,B,
2025/11/20 22:38,CLS,0.00%,20.00%,320.495,20.00%,B,
2025/11/19 22:30,LITE,28.04%,27.50%,260.17,-0.54%,S,
2025/11/19 21:23,MSTX,28.91%,0.00%,7.485,-28.91%,S,
2025/11/19 00:10,NEBX,0.00%,19.00%,33.65,19.00%,B,
2025/11/19 00:10,BE,19.27%,29.00%,112.001,9.73%,B,
2025/11/18 23:44,MSTX,0.00%,29.30%,7.753,29.30%,B,
2025/11/18 23:44,LITE,28.47%,0.00%,238.545,-28.47%,S,
2025/11/18 23:09,BE,0.00%,20.00%,107.15,20.00%,B,
2025/11/18 23:09,SQM,30.89%,20.00%,57.495,-10.89%,S,
2025/11/18 23:00,SNDK,39.80%,30.00%,236.225,-9.80%,S,
2025/11/18 22:56,SNDK,48.58%,40.00%,237.46,-8.58%,S,
2025/11/18 22:56,LITE,20.13%,29.00%,242.925,8.87%,B,
2025/11/18 22:54,LITE,10.27%,20.00%,242.89,9.73%,B,
2025/11/18 22:54,CSIQ,9.65%,0.00%,27.265,-9.65%,S,
2025/11/18 22:40,LITE,0.00%,10.00%,244.235,10.00%,B,
2025/11/18 22:40,SQM,40.31%,30.00%,58.61,-10.31%,S,
2025/11/17 22:49,SQM,35.38%,39.00%,60.345,3.62%,B,
2025/11/17 22:41,BE,29.24%,0.00%,112.001,-29.24%,S,
2025/11/17 22:41,SQM,0.00%,35.00%,58.88,35.00%,B,
2025/11/17 22:41,CSIQ,19.60%,10.00%,30.86,-9.60%,S,
2025/11/15 00:01,SNDK,68.77%,50.00%,265.769,-18.77%,S,
2025/11/15 00:01,BE,31.23%,30.00%,114.39,-1.23%,S,
2025/11/15 00:01,CSIQ,0.00%,20.00%,31.35,20.00%,B,
2025/11/14 22:34,SNDK,59.86%,70.00%,241.995,10.14%,B,
2025/11/14 22:34,BE,15.15%,30.00%,98.3,14.85%,B,
2025/11/14 22:32,BE,0.00%,15.00%,96.15,15.00%,B,
2025/11/14 22:32,ALB,39.42%,0.00%,109.48,-39.42%,S,
2025/11/14 00:33,ALB,19.80%,40.00%,117.93,20.20%,B,
2025/11/14 00:30,CSIQ,20.48%,0.00%,28.563,-20.48%,S,
2025/11/14 00:21,SNDK,38.92%,59.00%,252.895,20.08%,B,
2025/11/13 23:55,TSEM,20.31%,0.00%,99.52,-20.31%,S,
2025/11/13 22:42,SNDK,42.74%,40.00%,261.497,-2.74%,S,
2025/11/13 22:42,FLNC,8.27%,0.00%,18.147,-8.27%,S,
2025/11/13 22:42,ALB,0.00%,19.00%,122.991,19.00%,B,
2025/11/13 22:42,CSIQ,28.09%,20.00%,28.246,-8.09%,S,
2025/11/12 23:19,FLNC,0.00%,8.70%,20.3,8.70%,B,
2025/11/12 23:16,EOSE,8.71%,0.00%,17.221,-8.71%,S,
2025/11/12 23:16,TSEM,0.00%,20.00%,104.37,20.00%,B,
2025/11/12 22:32,RKLB,9.35%,0.00%,52.585,-9.35%,S,
2025/11/12 00:30,RKLB,19.45%,9.45%,53.058,-10.00%,S,
2025/11/11 22:46,RKLB,0.00%,20.00%,55.34,20.00%,B,
2025/11/11 22:44,XPEV,20.77%,0.00%,26.8,-20.77%,S,
2025/11/10 22:53,NVDL,9.69%,0.00%,98.63,-9.69%,S,
2025/11/10 22:53,XPEV,0.00%,19.30%,24.345,19.30%,B,
2025/11/10 22:40,MP,18.89%,0.00%,62.3,-18.89%,S,
2025/11/10 22:40,CSIQ,20.76%,30.00%,31.75,9.24%,B,
2025/11/8 04:11,NVDL,0.00%,9.80%,91.71,9.80%,B,
2025/11/8 04:11,TNA,9.72%,0.00%,43.61,-9.72%,S,
2025/11/8 03:21,TNA,0.00%,9.90%,42.82,9.90%,B,
2025/11/8 03:20,SNDK,30.01%,40.00%,224.2,9.99%,B,
2025/11/8 03:20,MP,15.03%,20.00%,58.178,4.97%,B,
2025/11/8 03:20,EOSE,0.00%,10.00%,17.07,10.00%,B,
2025/11/8 03:20,BRK.B,50.44%,0.00%,497.565,-50.44%,S,
2025/11/8 03:20,CSIQ,0.00%,20.00%,26.9,20.00%,B,
2025/11/8 03:12,SNDK,21.69%,30.00%,223.808,8.31%,B,
2025/11/8 03:12,MP,0.00%,15.00%,58,15.00%,B,
2025/11/8 03:12,LABD,27.13%,0.00%,31.965,-27.13%,S,
2025/11/8 00:14,BRK.B,0.00%,51.00%,499.41,51.00%,B,
2025/11/8 00:14,LITE,30.52%,0.00%,230.34,-30.52%,S,
2025/11/8 00:04,MP,20.60%,0.00%,53.95,-20.60%,S,
2025/11/7 23:59,SNDK,38.09%,20.00%,207.43,-18.09%,S,
2025/11/7 23:59,LABD,0.00%,28.00%,33.18,28.00%,B,
2025/11/7 23:46,AFRM,10.18%,0.00%,71.015,-10.18%,S,
2025/11/7 23:21,AFRM,29.76%,10.00%,71.903,-19.76%,S,
2025/11/7 23:21,MP,29.98%,20.00%,54.49,-9.98%,S,
2025/11/7 23:21,LITE,0.00%,29.70%,235.655,29.70%,B,
2025/11/7 22:59,SNDK,32.43%,40.00%,227.13,7.57%,B,
2025/11/7 22:59,AFRM,14.85%,30.00%,73.12,15.15%,B,
2025/11/7 22:59,MP,14.85%,30.00%,73.12,15.15%,B,
2025/11/7 22:59,TLT,29.56%,0.00%,89.4,-29.56%,S,
2025/11/7 22:53,AFRM,0.00%,15.00%,72.785,15.00%,B,
2025/11/7 22:53,TLT,44.64%,30.00%,89.415,-14.64%,S,
2025/11/7 22:50,MP,0.00%,20.00%,53.38,20.00%,B,
2025/11/7 22:50,TLT,50.67%,45.00%,89.47,-5.67%,S,
2025/11/7 22:48,CSIQ,19.33%,0.00%,25.33,-19.33%,S,
2025/11/7 19:20,TLT,0.00%,49.80%,89.435,49.80%,B,
2025/11/7 19:19,SNDK,43.95%,30.00%,206.91,-13.95%,S,
2025/11/7 19:19,BABX,13.27%,0.00%,45.52,-13.27%,S,
2025/11/7 19:19,TSLL,13.30%,0.00%,19.62,-13.30%,S,
2025/11/7 19:19,XPEV,9.33%,0.00%,22.97,-9.33%,S,
2025/11/6 23:24,FLNC,9.34%,0.00%,20.59,-9.34%,S,
2025/11/6 23:24,XPEV,2.85%,10.00%,24.17,7.15%,B,
2025/11/6 22:48,SEI,2.85%,0.00%,52.475,-2.85%,S,
2025/11/6 22:48,BABX,10.02%,12.89%,49.41,2.87%,B,
2025/11/5 23:48,BABX,14.41%,10.00%,47,-4.41%,S,
2025/11/5 23:48,FLNC,5.20%,9.70%,21.2,4.50%,B,
2025/11/5 22:40,SNDK,72.13%,45.00%,210.74,-27.13%,S,
2025/11/5 22:40,SEI,0.00%,3.00%,52.17,3.00%,B,
2025/11/5 22:40,FLNC,0.00%,5.00%,20.19,5.00%,B,
2025/11/5 22:40,CSIQ,0.00%,18.90%,24.945,18.90%,B,
2025/11/5 22:33,TSLL,13.67%,13.70%,20.71,0.03%,B,
2025/11/5 12:00,BABX,15.28%,15.00%,46.735,-0.28%,S,
2025/11/5 07:30,ANET,14.77%,0.00%,146.32,-14.77%,S,
2025/11/4 23:26,BABX,0.00%,15.00%,47.31,15.00%,B,
2025/11/4 23:26,BABA,29.62%,0.00%,165.72,-29.62%,S,
2025/11/4 23:26,ANET,0.00%,14.60%,156.845,14.60%,B,
2025/11/4 22:50,SNDK,100.00%,70.00%,198.28,-30.00%,S,
2025/11/4 22:50,BABA,0.00%,30.00%,165.35,30.00%,B,
2025/11/4 22:36,SNDK,61.58%,100.00%,190.45,38.42%,B,
2025/11/4 22:36,TSLL,38.42%,0.00%,20.811,-38.42%,S,
2025/11/3 23:54,SNDK,40.53%,60.00%,195.24,19.47%,B,
2025/11/3 23:54,TSLL,30.02%,40.00%,22.8,9.98%,B,
2025/11/3 23:54,VIXY,29.45%,0.00%,33.225,-29.45%,S,
2025/11/3 23:34,SNDK,49.60%,40.00%,191.495,-9.60%,S,
2025/11/3 23:34,TSLL,50.30%,30.00%,22.64,-20.30%,S,
2025/11/3 23:34,VIXY,0.00%,30.00%,33.64,30.00%,B,
2025/11/3 22:58,NBIS,24.67%,0.00%,127.805,-24.67%,S,
2025/11/3 22:58,TSLL,25.42%,50.00%,22.981,24.58%,B,
2025/11/3 22:50,TSLL,0.00%,24.80%,22.585,24.80%,B,
2025/11/3 22:50,CRDO,24.88%,0.00%,185.87,-24.88%,S,
2025/11/1 03:47,SNDK,40.41%,50.00%,200.04,9.59%,B,
2025/11/1 03:47,NBIS,20.64%,25.00%,131.71,4.36%,B,
2025/11/1 03:47,CRDO,21.26%,25.00%,188.13,3.74%,B,
2025/11/1 03:47,VIXY,17.43%,0.00%,33.005,-17.43%,S,
2025/11/1 00:13,CRWV,18.09%,0.00%,133.785,-18.09%,S,
2025/11/1 00:13,VIXY,0.00%,18.00%,33.22,18.00%,B,
2025/10/31 23:05,CRWV,0.00%,18.00%,137.19,18.00%,B,
2025/10/31 23:05,SNDK,57.75%,40.00%,198.71,-17.75%,S,
2025/10/31 21:32,NBIS,0.00%,20.00%,126.6,20.00%,B,
2025/10/31 21:32,UUUU,20.45%,0.00%,21.79,-20.45%,S,
2025/10/30 23:45,SNDK,70.50%,60.00%,196.44,-10.50%,S,
2025/10/30 23:45,CRDO,0.00%,20.00%,172.435,20.00%,B,
2025/10/30 22:01,UUUU,0.00%,20.00%,20.898,20.00%,B,
2025/10/30 22:01,CRDO,0.00%,30.00%,177.29,30.00%,B,
2025/10/30 22:01,BE,18.53%,0.00%,128.082,-18.53%,S,
2025/10/30 22:01,TSLA,11.00%,0.00%,452.31,-11.00%,S,
2025/10/30 21:47,SNDK,60.35%,70.00%,200.11,9.65%,B,
2025/10/30 21:47,TSLA,0.00%,11.00%,452.265,11.00%,B,
2025/10/30 21:44,SQQQ,19.94%,0.00%,13.215,-19.94%,S,
2025/10/30 21:39,SNDK,51.67%,60.00%,197.04,8.33%,B,
2025/10/30 21:39,SQQQ,29.64%,20.00%,13.22,-9.64%,S,
2025/10/30 20:54,FUTU,29.38%,0.00%,189.97,-29.38%,S,
2025/10/29 23:14,SNDK,45.53%,50.00%,193.53,4.47%,B,
2025/10/29 23:14,TSLL,28.31%,0.00%,21.826,-28.31%,S,
2025/10/29 23:14,FUTU,0.00%,30.00%,197.805,30.00%,B,
2025/10/29 23:14,BE,26.16%,20.00%,138.86,-6.16%,S,
2025/10/29 21:34,SNDK,42.35%,45.00%,184.34,2.65%,B,
2025/10/29 21:34,TSLL,26.12%,30.00%,22.29,3.88%,B,
2025/10/29 21:34,BE,20.02%,25.00%,127.865,4.98%,B,
2025/10/29 21:33,INTW,15.19%,0.00%,58.045,-15.19%,S,
2025/10/29 21:33,SMR,16.44%,0.00%,42.78,-16.44%,S,
2025/10/29 21:33,BE,0.00%,20.00%,127,20.00%,B,
2025/10/28 23:38,INTW,0.00%,16.00%,59.17,16.00%,B,
2025/10/28 23:38,APLD,15.29%,0.00%,36.579,-15.29%,S,
2025/10/28 23:21,SNDK,33.25%,40.00%,167.11,6.75%,B,
2025/10/28 23:21,TSLL,20.25%,27.00%,22.16,6.75%,B,
2025/10/28 23:21,BE,14.05%,0.00%,107.26,-14.05%,S,
2025/10/28 22:57,TSLL,0.00%,20.00%,22.1,20.00%,B,
2025/10/28 22:57,BE,0.00%,14.00%,107.905,14.00%,B,
2025/10/28 22:57,TSLA,34.17%,0.00%,461.32,-34.17%,S,
2025/10/28 22:15,SMR,0.00%,16.70%,42.25,16.70%,B,
2025/10/28 22:15,APLD,0.00%,15.00%,36.071,15.00%,B,
2025/10/28 22:15,BABA,31.03%,0.00%,178.43,-31.03%,S,
2025/10/28 21:55,BULL,9.87%,0.00%,11.381,-9.87%,S,
2025/10/28 21:55,TSLA,24.63%,34.00%,455.77,9.37%,B,
2025/10/27 23:20,INTC,24.17%,0.00%,39.51,-24.17%,S,
2025/10/27 23:20,TSLA,0.00%,24.00%,453.08,24.00%,B,
2025/10/27 22:44,INTC,10.19%,24.70%,40.58,14.51%,B,
2025/10/27 22:44,TSLA,14.52%,0.00%,447.73,-14.52%,S,
2025/10/27 22:38,SNDK,25.14%,35.00%,181.055,9.86%,B,
2025/10/27 22:38,QS,9.93%,0.00%,16.915,-9.93%,S,
2025/10/27 22:13,SNDK,39.42%,25.00%,180.37,-14.42%,S,
2025/10/27 22:13,TSLA,0.00%,14.50%,449.05,14.50%,B,
2025/10/27 22:08,EOSE,9.96%,0.00%,16.14,-9.96%,S,
2025/10/27 22:08,INTC,0.00%,10.00%,40.035,10.00%,B,
2025/10/27 21:56,BULL,0.00%,9.85%,11.794,9.85%,B,
2025/10/27 21:56,SNDK,49.95%,40.00%,183.705,-9.95%,S,
2025/10/27 21:56,QS,5.26%,10.00%,17.188,4.74%,B,
2025/10/27 21:56,EOSE,4.99%,10.00%,16.24,5.01%,B,
2025/10/27 21:56,BABA,39.79%,30.00%,177.7,-9.79%,S,
2025/10/25 00:11,QS,0.00%,5.00%,16.19,5.00%,B,
2025/10/25 00:11,EOSE,0.00%,5.00%,16.12,5.00%,B,
2025/10/25 00:11,BABA,49.60%,39.60%,175.18,-10.00%,S,
2025/10/24 21:44,SNDK,61.98%,50.00%,179.11,-11.98%,S,
2025/10/24 21:44,BABX,37.73%,0.00%,52.38,-37.73%,S,
2025/10/24 21:44,BABA,0.00%,50.00%,173.64,50.00%,B,
2025/10/23 23:05,BABX,29.19%,39.00%,50.87,9.81%,B,
2025/10/23 23:05,UUUU,9.52%,0.00%,22.42,-9.52%,S,
2025/10/23 22:35,BABX,0.00%,29.00%,50.27,29.00%,B,
2025/10/23 22:35,BABA,29.24%,0.00%,170.07,-29.24%,S,
2025/10/23 21:35,SNDK,20.64%,59.00%,151.07,38.36%,B,
2025/10/23 21:35,UUUU,29.65%,10.00%,22.245,-19.65%,S,
2025/10/23 21:35,TSLA,19.16%,0.00%,415.77,-19.16%,S,
2025/10/23 02:34,SOXS,9.99%,0.00%,4.366,-9.99%,S,
2025/10/23 02:34,UUUU,19.86%,29.90%,22.37,10.04%,B,
2025/10/23 02:27,SOXS,19.87%,10.00%,4.365,-9.87%,S,
2025/10/23 02:27,UUUU,9.87%,19.70%,22.15,9.83%,B,
2025/10/23 02:06,SOXS,29.71%,20.00%,4.373,-9.71%,S,
2025/10/23 02:06,UUUU,0.00%,9.70%,21.665,9.70%,B,
2025/10/23 01:39,SOXS,19.50%,29.80%,4.391,10.30%,B,
2025/10/23 01:39,TSLA,30.22%,20.00%,430.947,-10.22%,S,
2025/10/23 01:24,SOXS,0.00%,19.40%,4.363,19.40%,B,
2025/10/23 01:24,UUUU,11.97%,0.00%,21.125,-11.97%,S,
2025/10/23 01:13,BABX,29.85%,0.00%,47.36,-29.85%,S,
2025/10/23 01:13,BABA,0.00%,30.00%,164.94,30.00%,B,
2025/10/23 01:04,UUUU,0.00%,12.00%,21.29,12.00%,B,
2025/10/23 00:50,BE,19.64%,0.00%,89.745,-19.64%,S,
2025/10/23 00:13,SNDK,29.91%,20.00%,148.24,-9.91%,S,
2025/10/23 00:13,BE,10.07%,20.00%,92.83,9.93%,B,
2025/10/23 00:11,BABX,40.11%,30.00%,48.1,-10.11%,S,
2025/10/23 00:11,BE,0.00%,10.00%,91.87,10.00%,B,
2025/10/22 23:46,SNDK,10.18%,30.00%,149.38,19.82%,B,
2025/10/22 23:46,BABX,29.26%,40.00%,48.17,10.74%,B,
2025/10/22 23:46,TSLA,10.05%,30.00%,435.09,19.95%,B,
2025/10/22 23:43,SOXS,49.83%,0.00%,4.239,-49.83%,S,
2025/10/22 23:22,SOXS,40.11%,50.00%,4.26,9.89%,B,
2025/10/22 23:21,CLS,9.89%,0.00%,263.76,-9.89%,S,
2025/10/22 22:44,SNDK,14.84%,10.00%,146.83,-4.84%,S,
2025/10/22 22:44,SOXS,31.44%,40.00%,4.24,8.56%,B,
2025/10/22 22:44,CLS,13.90%,10.00%,266.625,-3.90%,S,
2025/10/22 22:35,SNDK,20.09%,15.00%,149.069,-5.09%,S,
2025/10/22 22:35,SOXS,26.10%,31.00%,4.199,4.90%,B,
2025/10/22 22:31,SNDK,40.92%,20.00%,148.14,-20.92%,S,
2025/10/22 22:31,SOXS,0.00%,26.00%,4.175,26.00%,B,
2025/10/22 22:31,TSLA,15.18%,10.00%,433.22,-5.18%,S,
2025/10/22 22:19,CLS,9.21%,14.00%,275.45,4.79%,B,
2025/10/22 22:19,TSLA,20.09%,15.00%,439.37,-5.09%,S,
2025/10/22 21:56,CLS,0.00%,9.17%,277.195,9.17%,B,
2025/10/22 21:56,TSLA,28.96%,20.00%,441.905,-8.96%,S,
2025/10/21 22:02,SNDK,29.89%,40.00%,145.09,10.11%,B,
2025/10/21 22:02,TSLL,10.39%,0.00%,20.476,-10.39%,S,
2025/10/21 22:02,CONL,29.91%,0.00%,36.365,-29.91%,S,
2025/10/21 22:02,TSLA,0.00%,30.00%,442.69,30.00%,B,
2025/10/20 22:50,BABX,20.77%,29.50%,51.01,8.73%,B,
2025/10/20 22:50,TSLL,18.70%,10.00%,20.571,-8.70%,S,
2025/10/20 22:08,BABX,39.43%,20.00%,48.44,-19.43%,S,
2025/10/20 22:08,TSLL,0.00%,19.30%,20.94,19.30%,B,
2025/10/20 17:09,SNDK,0.00%,30.00%,148,30.00%,B,
2025/10/20 17:09,BABX,100.00%,40.00%,49.075,-60.00%,S,
2025/10/20 17:09,CONL,0.00%,30.00%,36.975,30.00%,B,
2025/10/18 00:04,BABX,49.91%,100.00%,48.37,50.09%,B,
2025/10/18 00:04,JDST,50.05%,0.00%,3.814,-50.05%,S,
2025/10/17 22:33,SNDK,49.90%,0.00%,145.43,-49.90%,S,
2025/10/17 22:33,JDST,0.00%,49.90%,3.74,49.90%,B,
2025/10/17 21:55,BABX,0.00%,48.99%,46.86,48.99%,B,
2025/10/17 21:55,JDST,48.85%,0.00%,3.575,-48.85%,S,
2025/10/17 20:06,JDST,0.00%,49.00%,3.51,49.00%,B,
2025/10/17 15:29,AMD,49.64%,0.00%,232.256,-49.64%,S,
2025/10/16 00:16,SNDK,31.11%,50.00%,142.54,18.89%,B,
2025/10/16 00:16,APLD,27.89%,0.00%,37.04,-27.89%,S,
2025/10/16 00:16,AMD,40.90%,50.00%,235.115,9.10%,B,
2025/10/15 23:02,SNDK,0.00%,30.00%,139.805,30.00%,B,
2025/10/15 23:02,TSLL,19.17%,0.00%,20.04,-19.17%,S,
2025/10/15 23:02,ARKG,10.89%,0.00%,31.98,-10.89%,S,
2025/10/15 22:29,NXT,18.98%,0.00%,90.3,-18.98%,S,
2025/10/15 22:29,TSLL,0.00%,19.50%,20.24,19.50%,B,
2025/10/15 22:13,BE,31.06%,0.00%,120.656,-31.06%,S,
2025/10/15 22:13,ARKG,0.00%,11.00%,32.05,11.00%,B,
2025/10/15 22:13,AMD,0.00%,40.00%,231.59,40.00%,B,
2025/10/15 22:13,POWI,20.24%,0.00%,49.585,-20.24%,S,
2025/10/15 21:40,NXT,0.00%,19.60%,91.915,19.60%,B,
2025/10/15 21:40,EOSE,19.67%,0.00%,18.15,-19.67%,S,
2025/10/15 00:30,EOSE,29.72%,20.00%,17.52,-9.72%,S,
2025/10/15 00:30,BE,40.18%,30.00%,108.51,-10.18%,S,
2025/10/15 00:30,POWI,0.00%,19.90%,46.21,19.90%,B,
2025/10/14 23:48,APLD,0.00%,29.80%,37.115,29.80%,B,
2025/10/14 23:48,EOSE,59.87%,30.00%,17.585,-29.87%,S,
2025/10/14 22:19,EOSE,45.43%,60.00%,17.205,14.57%,B,
2025/10/14 22:19,BE,39.70%,40.00%,104.875,0.30%,B,
2025/10/14 22:19,VIXY,14.82%,0.00%,35.85,-14.82%,S,
2025/10/14 22:00,EOSE,39.96%,45.00%,17,5.04%,B,
2025/10/14 22:00,BE,20.08%,40.00%,105.417,19.92%,B,
2025/10/14 21:58,EOSE,30.38%,40.00%,17.01,9.62%,B,
2025/10/14 21:58,BE,0.00%,20.00%,104.925,20.00%,B,
2025/10/14 21:58,VIXY,29.68%,15.00%,36.1,-14.68%,S,
2025/10/14 21:50,EOSE,0.00%,30.00%,16.775,30.00%,B,
2025/10/14 21:50,VIXY,19.93%,30.00%,36.44,10.07%,B,
2025/10/14 21:44,BABA,54.45%,0.00%,160.815,-54.45%,S,
2025/10/14 21:44,VIXY,0.00%,20.00%,36.61,20.00%,B,
2025/10/14 21:44,ORCL,12.34%,0.00%,292.73,-12.34%,S,
2025/10/14 21:39,EOSE,23.04%,0.00%,16.44,-23.04%,S,
2025/10/14 21:39,BE,9.69%,0.00%,103.471,-9.69%,S,
2025/10/13 23:58,EOSE,18.46%,23.00%,17.185,4.54%,B,
2025/10/13 23:58,BE,0.00%,10.00%,111.83,10.00%,B,
2025/10/13 23:58,SOXS,14.80%,0.00%,4.23,-14.80%,S,
2025/10/13 23:41,SOXS,27.56%,15.00%,4.27,-12.56%,S,
2025/10/13 23:41,ORCL,0.00%,12.50%,309.27,12.50%,B,
2025/10/13 23:00,SOXS,0.00%,28.00%,4.37,28.00%,B,
2025/10/13 22:58,MP,17.47%,0.00%,97.94,-17.47%,S,
2025/10/13 22:58,UUUU,9.97%,0.00%,24.42,-9.97%,S,
2025/10/13 22:55,EOSE,0.00%,18.00%,16.773,18.00%,B,
2025/10/13 22:54,MP,35.75%,17.50%,98.415,-18.25%,S,
2025/10/13 21:40,BABA,61.50%,56.00%,165.605,-5.50%,S,
2025/10/13 16:01,MP,18.58%,30.00%,87.88,11.42%,B,
2025/10/13 16:01,BABA,0.00%,60.00%,167,60.00%,B,
2025/10/13 16:01,SOXS,42.03%,0.00%,4.36,-42.03%,S,
2025/10/13 16:01,UUUU,0.00%,10.00%,24.04,10.00%,B,
2025/10/11 01:34,MP,0.00%,20.00%,83.06,20.00%,B,
2025/10/11 01:34,SOXS,49.57%,40.00%,4.63,-9.57%,S,
2025/10/11 01:19,SQQQ,50.01%,0.00%,15.615,-50.01%,S,
2025/10/11 00:36,MP,19.65%,0.00%,81.91,-19.65%,S,
2025/10/11 00:36,SOXS,40.21%,50.00%,4.635,9.79%,B,
2025/10/11 00:36,SQQQ,40.14%,50.00%,15.375,9.86%,B,
2025/10/11 00:08,MP,0.00%,20.00%,83.529,20.00%,B,
2025/10/11 00:08,SOXS,50.48%,40.00%,4.62,-10.48%,S,
2025/10/11 00:08,SQQQ,49.52%,40.00%,15.35,-9.52%,S,
2025/10/10 23:08,SOXS,0.00%,50.00%,4.424,50.00%,B,
2025/10/10 23:08,SQQQ,0.00%,50.00%,14.985,50.00%,B,
2025/10/10 23:05,CWVX,29.09%,0.00%,22.743,-29.09%,S,
2025/10/10 23:05,BABA,19.79%,0.00%,167.37,-19.79%,S,
2025/10/10 23:05,ORCL,20.85%,0.00%,303.355,-20.85%,S,
2025/10/10 23:05,INTC,30.28%,0.00%,38.06,-30.28%,S,
2025/10/10 22:20,RKLB,19.87%,0.00%,71.32,-19.87%,S,
2025/10/10 22:20,BABA,0.00%,19.90%,172.25,19.90%,B,
2025/10/10 21:38,CWVX,0.00%,30.00%,24.17,30.00%,B,
2025/10/10 21:38,RKLB,20.16%,20.00%,72.32,-0.16%,S,
2025/10/10 21:38,ORCL,40.43%,20.00%,300.12,-20.43%,S,
2025/10/10 21:38,INTC,39.40%,30.00%,38.85,-9.40%,S,
2025/10/10 17:11,RKLB,0.00%,20.00%,71.195,20.00%,B,
2025/10/10 17:11,JDST,29.85%,0.00%,4.15,-29.85%,S,
2025/10/10 16:03,ORCL,70.15%,40.00%,299.95,-29.85%,S,
2025/10/10 01:30,JDST,20.16%,30.00%,4.228,9.84%,B,
2025/10/10 01:30,ORCL,79.84%,70.00%,298.275,-9.84%,S,
2025/10/10 01:09,JDST,0.00%,20.00%,4.177,20.00%,B,
2025/10/10 01:09,ORCL,74.67%,80.00%,297.655,5.33%,B,
2025/10/10 01:01,CWVX,24.49%,0.00%,20.75,-24.49%,S,
2025/10/9 22:52,CWVX,9.92%,25.00%,21.24,15.08%,B,
2025/10/9 22:45,RKLB,15.31%,0.00%,66.16,-15.31%,S,
2025/10/9 22:09,INTW,19.29%,0.00%,47.58,-19.29%,S,
2025/10/9 22:09,AMD,29.98%,0.00%,234.906,-29.98%,S,
2025/10/9 22:09,ORCL,25.40%,74.00%,294.466,48.60%,B,
2025/10/9 21:09,ORCL,0.00%,25.00%,290.005,25.00%,B,
2025/10/9 21:09,TSLA,24.63%,0.00%,431.375,-24.63%,S,
2025/10/9 02:22,RKLB,29.14%,15.00%,64.285,-14.14%,S,
2025/10/9 02:22,AMD,41.46%,30.00%,232.24,-11.46%,S,
2025/10/9 02:22,TSLA,0.00%,25.00%,439.58,25.00%,B,
2025/10/9 01:10,CWVX,0.00%,10.00%,21.208,10.00%,B,
2025/10/9 01:10,RXRX,9.93%,0.00%,6.175,-9.93%,S,
2025/10/9 00:08,INTW,0.00%,20.00%,48.57,20.00%,B,
2025/10/9 00:08,AMDL,9.87%,0.00%,18.78,-9.87%,S,
2025/10/9 00:08,RXRX,19.94%,10.00%,6.16,-9.94%,S,
2025/10/8 23:33,AMDL,20.42%,10.00%,18.88,-10.42%,S,
2025/10/8 23:33,RKLB,39.12%,30.00%,65.2,-9.12%,S,
2025/10/8 23:33,RXRX,0.00%,19.00%,5.822,19.00%,B,
2025/10/8 22:11,AMDL,12.96%,20.00%,18.505,7.04%,B,
2025/10/8 22:11,RKLB,32.86%,40.00%,66.72,7.14%,B,
2025/10/8 22:11,AMD,29.79%,40.00%,221.55,10.21%,B,
2025/10/8 22:11,INTC,23.53%,0.00%,36.455,-23.53%,S,
2025/10/8 21:56,AMDL,0.00%,13.00%,18.645,13.00%,B,
2025/10/8 21:56,TSLA,13.90%,0.00%,431.12,-13.90%,S,
2025/10/8 00:04,RKLB,25.14%,30.00%,58.59,4.86%,B,
2025/10/8 00:04,SOXS,19.54%,0.00%,4.475,-19.54%,S,
2025/10/8 00:04,AMD,19.64%,30.00%,213,10.36%,B,
2025/10/8 00:04,INTC,20.50%,25.00%,36.97,4.50%,B,
2025/10/7 23:50,SOXS,0.00%,20.00%,4.541,20.00%,B,
2025/10/7 23:50,TSLA,35.15%,15.00%,439.15,-20.15%,S,
2025/10/7 17:43,ALAB,19.74%,0.00%,220.82,-19.74%,S,
2025/10/7 17:43,AMD,0.00%,20.00%,217.68,20.00%,B,
2025/10/7 05:16,RKLB,31.20%,25.00%,58.9,-6.20%,S,
2025/10/7 05:16,INTC,48.74%,20.00%,36.89,-28.74%,S,
2025/10/7 05:16,TSLA,0.00%,35.00%,442.432,35.00%,B,
2025/10/6 20:02,ALAB,0.00%,20.00%,223.1,20.00%,B,
2025/10/6 20:02,SQQQ,20.14%,0.00%,14.711,-20.14%,S,
2025/10/4 03:26,RKLB,20.28%,30.00%,56.44,9.72%,B,
2025/10/4 03:26,SQQQ,29.82%,20.00%,15.035,-9.82%,S,
2025/10/4 02:50,RKLB,30.50%,20.00%,55.444,-10.50%,S,
2025/10/4 02:50,SQQQ,20.04%,30.00%,15.17,9.96%,B,
2025/10/4 02:23,SQQQ,29.51%,20.00%,15.01,-9.51%,S,
2025/10/4 02:23,INTC,40.21%,49.70%,37.255,9.49%,B,
2025/10/4 01:54,INTW,41.68%,0.00%,46.6,-41.68%,S,
2025/10/4 01:54,RKLB,39.85%,30.00%,54.06,-9.85%,S,
2025/10/4 01:54,SQQQ,0.00%,30.00%,15.17,30.00%,B,
2025/10/4 01:54,INTC,0.00%,40.00%,36.816,40.00%,B,
2025/10/4 01:44,CRWV,39.25%,0.00%,133.5,-39.25%,S,
2025/10/4 01:44,RKLB,18.44%,40.00%,55.2,21.56%,B,
2025/10/4 00:55,RKLB,0.00%,18.00%,55.282,18.00%,B,
2025/10/4 00:55,AMD,18.38%,0.00%,167.59,-18.38%,S,
2025/10/3 23:01,CRWV,28.40%,40.00%,139.322,11.60%,B,
2025/10/3 23:01,AMD,29.73%,18.50%,168.266,-11.23%,S,
2025/10/3 21:42,CRWV,19.26%,28.00%,138.61,8.74%,B,
2025/10/3 21:42,RZLV,8.81%,0.00%,7.235,-8.81%,S,
2025/10/3 21:30,RZLV,8.34%,8.45%,6.941,0.11%,B,
2025/10/3 20:33,RZLV,0.00%,8.50%,6.98,8.50%,B,
2025/10/3 20:33,AMD,38.83%,30.00%,170.39,-8.83%,S,
2025/10/2 22:00,CRWV,29.45%,20.00%,137.355,-9.45%,S,
2025/10/2 22:00,AMD,30.12%,39.90%,168.33,9.78%,B,
2025/10/2 21:42,CRWV,19.59%,30.00%,139.34,10.41%,B,
2025/10/2 21:42,QS,14.48%,0.00%,14.63,-14.48%,S,
2025/10/2 21:42,ACMR,11.99%,0.00%,43.93,-11.99%,S,
2025/10/2 21:42,AMD,14.50%,30.00%,166.974,15.50%,B,
2025/10/2 18:55,INTW,54.48%,40.00%,44.34,-14.48%,S,
2025/10/2 18:55,AMD,0.00%,14.60%,169.125,14.60%,B,
2025/10/2 01:22,CRWV,24.95%,20.00%,135.999,-4.95%,S,
2025/10/2 01:22,SMR,4.96%,0.00%,36.84,-4.96%,S,
2025/10/2 01:22,QS,6.99%,15.00%,14.495,8.01%,B,
2025/10/2 01:22,ACMR,10.13%,12.00%,42.02,1.87%,B,
2025/10/2 00:21,CRWV,47.16%,25.00%,134.75,-22.16%,S,
2025/10/2 00:21,SMR,0.00%,5.00%,36.69,5.00%,B,
2025/10/2 00:21,QS,0.00%,7.00%,14.35,7.00%,B,
2025/10/2 00:21,ACMR,0.00%,10.00%,41.005,10.00%,B,
2025/10/1 02:20,CRWV,38.87%,49.00%,137.615,10.13%,B,
2025/10/1 01:20,NBIS,9.96%,0.00%,112.18,-9.96%,S,
2025/10/1 00:26,CRWV,26.46%,39.00%,138.93,12.54%,B,
2025/10/1 00:26,NBIS,22.13%,10.00%,113.3,-12.13%,S,
2025/9/30 21:54,SNDK,22.09%,0.00%,117.34,-22.09%,S,
2025/9/30 21:54,NBIS,0.00%,22.00%,113.295,22.00%,B,
2025/9/30 20:57,CRCL,24.80%,0.00%,134.42,-24.80%,S,
2025/9/30 20:57,CRWV,0.00%,25.00%,133.51,25.00%,B,
2025/9/30 01:15,CRCL,46.25%,25.00%,135,-21.25%,S,
2025/9/30 01:15,SNDK,0.00%,21.00%,112.76,21.00%,B,
2025/9/29 23:52,CRCL,0.00%,46.00%,136,46.00%,B,
2025/9/29 23:52,TSLA,46.30%,0.00%,441.036,-46.30%,S,
2025/9/26 23:12,NBIS,15.40%,0.00%,103.47,-15.40%,S,
2025/9/26 23:12,TSLA,29.69%,45.00%,427.44,15.31%,B,
2025/9/26 20:59,TSLA,0.00%,30.00%,426.698,30.00%,B,
2025/9/26 16:04,CWEB,37.26%,0.00%,54.5,-37.26%,S,
2025/9/26 01:57,NBIS,10.50%,0.00%,107,-10.50%,S,
2025/9/25 22:04,INTW,32.57%,50.00%,37.022,17.43%,B,
2025/9/25 22:04,NBIS,0.00%,11.00%,110.53,11.00%,B,
2025/9/25 22:04,SQQQ,28.43%,0.00%,15.972,-28.43%,S,
2025/9/25 21:32,NBIS,29.17%,0.00%,108.97,-29.17%,S,
2025/9/25 21:32,SQQQ,0.00%,29.00%,15.7,29.00%,B,
2025/9/25 01:19,INTW,15.41%,30.00%,33.73,14.59%,B,
2025/9/25 01:19,SQQQ,14.81%,0.00%,15.575,-14.81%,S,
2025/9/25 00:29,NBIS,20.83%,30.00%,112,9.17%,B,
2025/9/25 00:29,SQQQ,24.06%,15.00%,15.61,-9.06%,S,
2025/9/24 23:54,SQQQ,0.00%,24.00%,15.55,24.00%,B,
2025/9/24 23:54,INTW,28.53%,15.00%,32.372,-13.53%,S,
2025/9/24 23:54,CWEB,50.21%,40.00%,56.75,-10.21%,S,
2025/9/24 22:05,INTW,0.00%,29.00%,32.77,29.00%,B,
2025/9/24 20:12,SNDK,29.82%,0.00%,105.36,-29.82%,S,
2025/9/24 18:20,NBIS,45.49%,20.00%,108.447,-25.49%,S,
2025/9/24 18:20,SMR,9.64%,0.00%,41.69,-9.64%,S,
2025/9/24 18:20,CWEB,0.00%,50.00%,56.41,50.00%,B,
2025/9/24 18:20,MU,15.05%,0.00%,163.1,-15.05%,S,
2025/9/24 00:05,SEI,9.84%,0.00%,40.35,-9.84%,S,
2025/9/24 00:05,SMR,0.00%,9.85%,43.17,9.85%,B,
2025/9/23 23:56,SNDK,24.06%,30.00%,108.6,5.94%,B,
2025/9/23 23:56,SEI,30.19%,10.00%,41.02,-20.19%,S,
2025/9/23 21:53,NBIS,30.21%,45.00%,108.244,14.79%,B,
2025/9/23 21:53,SEI,20.69%,31.00%,42.605,10.31%,B,
2025/9/23 21:53,NBIS,40.01%,30.00%,108.73,-10.01%,S,
2025/9/23 21:35,SNDK,15.33%,24.00%,108.2,8.67%,B,
2025/9/23 21:35,NBIS,49.30%,40.00%,107.525,-9.30%,S,
2025/9/23 16:52,SNDK,9.93%,15.00%,107.495,5.07%,B,
2025/9/23 16:52,SMR,19.83%,0.00%,44.14,-19.83%,S,
2025/9/23 16:52,MU,0.00%,15.00%,166.12,15.00%,B,
2025/9/23 01:00,SEI,19.88%,20.00%,40.084,0.12%,B,
2025/9/23 01:00,TSLL,20.40%,0.00%,20.27,-20.40%,S,
2025/9/23 01:00,SMR,0.00%,20.00%,45.4,20.00%,B,
2025/9/23 00:53,SNDK,20.10%,10.00%,104.15,-10.10%,S,
2025/9/23 00:53,SEI,10.26%,20.00%,40.54,9.74%,B,
2025/9/23 00:33,SEI,0.00%,10.00%,39.23,10.00%,B,
2025/9/23 00:33,QS,10.15%,0.00%,13.595,-10.15%,S,
2025/9/22 23:27,SNDK,38.76%,20.00%,102.7,-18.76%,S,
2025/9/22 23:27,NBIS,39.41%,48.70%,100.1,9.29%,B,
2025/9/22 23:27,QS,0.00%,10.00%,13.37,10.00%,B,
2025/9/22 21:52,SNDK,28.98%,40.00%,104.31,11.02%,B,
2025/9/22 21:52,NBIS,34.77%,38.00%,99.14,3.23%,B,
2025/9/22 21:52,NIO,14.70%,0.00%,7.119,-14.70%,S,
2025/9/22 21:42,SNDK,0.00%,29.00%,104.49,29.00%,B,
2025/9/22 21:42,SMR,28.46%,0.00%,43.06,-28.46%,S,
2025/9/20 00:23,NBIS,29.71%,34.00%,96.43,4.29%,B,
2025/9/20 00:23,TSLL,34.54%,20.00%,19.355,-14.54%,S,
2025/9/20 00:23,SMR,20.37%,30.00%,45.065,9.63%,B,
2025/9/19 23:29,NBIS,20.17%,29.40%,96.22,9.23%,B,
2025/9/19 23:29,TSLL,24.04%,35.00%,19.14,10.96%,B,
2025/9/19 23:29,UPST,19.67%,0.00%,68.78,-19.67%,S,
2025/9/19 22:31,NBIS,24.99%,20.00%,95.335,-4.99%,S,
2025/9/19 22:31,MSTX,28.84%,0.00%,25.105,-28.84%,S,
2025/9/19 22:31,TSLL,0.00%,24.00%,19.73,24.00%,B,
2025/9/19 22:31,SMR,0.00%,20.00%,44.47,20.00%,B,
2025/9/19 22:31,UPST,0.00%,20.00%,71.22,20.00%,B,
2025/9/19 22:31,TSLA,30.67%,0.00%,425.26,-30.67%,S,
2025/9/19 01:00,NBIS,15.47%,25.00%,96.573,9.53%,B,
2025/9/19 01:00,MSTX,20.17%,30.00%,26.573,9.83%,B,
2025/9/19 01:00,GRAB,9.89%,0.00%,6.319,-9.89%,S,
2025/9/19 01:00,TSLA,39.58%,30.00%,425.11,-9.58%,S,
2025/9/18 22:41,MSTX,0.00%,19.80%,26,19.80%,B,
2025/9/18 22:41,GRAB,19.90%,10.00%,6.365,-9.90%,S,
2025/9/18 22:41,TSLA,49.90%,40.00%,428.17,-9.90%,S,
2025/9/18 21:53,NBIS,19.84%,15.00%,93.55,-4.84%,S,
2025/9/18 21:53,GRAB,0.00%,20.00%,6.375,20.00%,B,
2025/9/18 21:53,NIO,20.10%,15.00%,7.35,-5.10%,S,
2025/9/18 21:53,TSLA,60.06%,50.00%,427.582,-10.06%,S,
2025/9/18 03:33,NBIS,0.00%,20.00%,94.255,20.00%,B,
2025/9/18 03:33,NIO,29.92%,20.00%,7.31,-9.92%,S,
2025/9/18 03:33,TSLA,70.08%,60.00%,426.998,-10.08%,S,
2025/9/18 03:18,NIO,15.06%,30.00%,7.276,14.94%,B,
2025/9/18 03:18,SQQQ,20.04%,0.00%,16.31,-20.04%,S,
2025/9/18 03:18,TSLA,63.92%,70.00%,423.302,6.08%,B,
2025/9/18 03:09,SQQQ,28.99%,20.00%,16.28,-8.99%,S,
2025/9/18 03:09,TSLA,55.56%,64.00%,421.65,8.44%,B,
2025/9/18 02:49,VIXY,15.28%,0.00%,32.88,-15.28%,S,
2025/9/18 02:49,TSLA,40.12%,55.00%,417.458,14.88%,B,
2025/9/18 02:43,TSLL,69.71%,0.00%,18.781,-69.71%,S,
2025/9/18 02:43,SQQQ,0.00%,29.70%,16.611,29.70%,B,
2025/9/18 02:43,TSLA,0.00%,40.00%,416.488,40.00%,B,
2025/9/17 23:12,NIO,0.00%,15.00%,7.26,15.00%,B,
2025/9/17 23:12,SOXS,15.09%,0.00%,6.09,-15.09%,S,
2025/9/17 00:39,TSLL,50.92%,70.00%,19.306,19.08%,B,
2025/9/17 00:39,QS,4.90%,0.00%,10.075,-4.90%,S,
2025/9/17 00:39,SOXS,23.72%,15.00%,6.164,-8.72%,S,
2025/9/17 00:39,VIXY,19.77%,15.00%,33.21,-4.77%,S,
2025/9/16 23:51,QS,9.56%,5.00%,10.22,-4.56%,S,
2025/9/16 23:51,SOXS,20.02%,24.00%,6.2,3.98%,B,
2025/9/16 23:50,AAPU,40.06%,0.00%,28.89,-40.06%,S,
2025/9/16 23:50,SOXS,41.22%,40.00%,6.194,-1.22%,S,
2025/9/16 23:50,VIXY,0.00%,10.00%,33.4,10.00%,B,
2025/9/16 23:10,TSLL,58.78%,50.00%,18.835,-8.78%,S,
2025/9/16 23:10,AAPU,41.22%,40.00%,28.84,-1.22%,S,
2025/9/16 23:10,QS,0.00%,10.00%,10.67,10.00%,B,
2025/9/15 22:08,TSLL,50.26%,60.00%,19.26,9.74%,B,
2025/9/15 22:08,AAPU,49.74%,40.00%,28.04,-9.74%,S,
2025/9/15 21:33,TSLL,73.77%,50.00%,19.375,-23.77%,S,
2025/9/15 21:33,AAPU,26.21%,50.00%,28.5,23.79%,B,
2025/9/12 22:52,AAPU,0.00%,28.80%,27.63,28.80%,B,
2025/9/12 22:52,CONL,28.84%,0.00%,35.43,-28.84%,S,
2025/9/12 22:00,NBIS,29.38%,0.00%,89.76,-29.38%,S,
2025/9/12 22:00,CONL,0.00%,29.40%,35.53,29.40%,B,
2025/9/12 21:49,NBIS,19.77%,30.00%,90.785,10.23%,B,
2025/9/12 21:49,BABX,38.11%,0.00%,42.55,-38.11%,S,
2025/9/12 21:49,TSLL,42.12%,70.00%,15.8,27.88%,B,
2025/9/12 20:14,NBIS,0.00%,20.00%,90.37,20.00%,B,
2025/9/12 20:14,BABX,50.59%,40.00%,41.4,-10.59%,S,
2025/9/12 20:14,TSLL,49.41%,40.00%,15.164,-9.41%,S,
2025/9/12 20:04,BABX,44.86%,50.00%,41.32,5.14%,B,
2025/9/12 20:04,TSLL,45.32%,50.00%,14.35,4.68%,B,
2025/9/12 20:04,NIO,9.82%,0.00%,6.04,-9.82%,S,
2025/9/11 22:56,BABX,39.87%,45.00%,40.13,5.13%,B,
2025/9/11 22:56,TSLL,40.13%,45.00%,14.09,4.87%,B,
2025/9/11 22:56,NIO,19.86%,10.00%,6.08,-9.86%,S,
2025/9/11 22:23,NBIS,10.04%,0.00%,91.66,-10.04%,S,
2025/9/11 22:23,BMNR,19.02%,0.00%,48.18,-19.02%,S,
2025/9/11 22:23,TSLL,31.07%,40.00%,13.95,8.93%,B,
2025/9/11 22:23,NIO,0.00%,20.00%,6.081,20.00%,B,
2025/9/11 22:02,NBIS,18.98%,10.00%,91.6,-8.98%,S,
2025/9/11 22:02,BMNR,10.54%,19.70%,50.055,9.16%,B,
2025/9/11 21:30,BMNR,10.19%,10.00%,46.48,-0.19%,S,
2025/9/11 21:03,NBIS,39.91%,20.00%,93.32,-19.91%,S,
2025/9/11 21:03,BABX,0.00%,39.88%,39.97,39.88%,B,
2025/9/11 01:31,BMNR,29.45%,10.00%,46.51,-19.45%,S,
2025/9/10 22:49,BABX,29.63%,0.00%,38.009,-29.63%,S,
2025/9/10 22:49,TSLL,0.00%,30.00%,13.67,30.00%,B,
2025/9/10 21:51,BMNR,20.72%,30.00%,47.66,9.28%,B,
2025/9/10 21:51,BABX,39.42%,30.00%,38.38,-9.42%,S,
2025/9/10 21:31,NBIS,26.57%,39.90%,94.525,13.33%,B,
2025/9/10 21:31,BABX,51.68%,40.00%,38.48,-11.68%,S,
2025/9/10 20:37,BMNR,0.00%,20.00%,46.41,20.00%,B,
2025/9/10 20:37,BILI,20.36%,0.00%,25.049,-20.36%,S,
2025/9/9 22:28,CRWV,21.77%,0.00%,99.47,-21.77%,S,
2025/9/9 22:28,BILI,0.00%,21.00%,24.41,21.00%,B,
2025/9/9 22:00,CRWV,19.71%,22.40%,103.112,2.69%,B,
2025/9/9 22:00,NBIS,9.00%,25.00%,89.04,16.00%,B,
2025/9/9 22:00,BILI,18.69%,0.00%,23.989,-18.69%,S,
2025/9/9 21:32,NBIS,0.00%,9.52%,93.139,9.52%,B,
2025/9/9 21:32,XPEV,9.50%,0.00%,20.7,-9.50%,S,
2025/9/9 21:30,XPEV,19.21%,9.50%,20.65,-9.71%,S,
2025/9/9 20:54,CRWV,0.00%,19.80%,98.387,19.80%,B,
2025/9/9 20:54,SOXS,29.35%,0.00%,6.8,-29.35%,S,
2025/9/9 16:05,BILI,0.00%,19.30%,23.615,19.30%,B,
2025/9/9 00:50,CRWV,9.93%,0.00%,94.68,-9.93%,S,
2025/9/9 00:50,SOXS,19.91%,29.84%,6.915,9.93%,B,
2025/9/9 00:17,TSLL,10.01%,0.00%,13.24,-10.01%,S,
2025/9/9 00:17,SOXS,9.79%,19.80%,6.89,10.01%,B,
2025/9/8 23:48,TSLL,19.68%,10.00%,13.2,-9.68%,S,
2025/9/8 23:48,SOXS,0.00%,9.76%,6.849,9.76%,B,
2025/9/8 22:55,BABX,40.33%,49.90%,35.49,9.57%,B,
2025/9/8 22:55,TSLL,39.58%,20.00%,13.419,-19.58%,S,
2025/9/8 22:55,XPEV,10.08%,20.00%,20.652,9.92%,B,
2025/9/8 22:33,CRWV,0.00%,9.97%,95.1,9.97%,B,
2025/9/8 22:33,BABX,44.83%,40.00%,35.249,-4.83%,S,
2025/9/8 22:33,TSLL,45.13%,40.00%,13.58,-5.13%,S,
2025/9/8 22:05,BABX,51.86%,45.00%,35.555,-6.86%,S,
2025/9/8 22:05,TSLL,48.14%,45.00%,20.598,-3.14%,S,
2025/9/8 22:05,XPEV,0.00%,10.00%,20.598,10.00%,B,
2025/9/5 21:42,BABX,39.80%,50.00%,30.15,10.20%,B,
2025/9/5 21:42,TSLL,30.18%,50.00%,13.601,19.82%,B,
2025/9/5 21:42,NAIL,30.02%,0.00%,96.105,-30.02%,S,